Column,Value (1),Value (2),Value (3),Value (4),Value (5),Value (6),Value (7),Value (8),Value (9),Value (10),Value (11),Value (12),Value (13),Value (14)
id,1,2,3,4,5,6,7,8,9,10,11,12,13,14
name,Admin,Moderator,Author1,Author2,User,Тесс,Леди Кошка,Джозефина,Grogu,Gandalf,Любовь и сериалы,Киноман,Дзера,Ms.Detective
email,admin@admin.com,moderator@admin.com,author1@admin.com,author2@admin.com,user@admin.com,tess@author.com,lady@author.com,josefine@author.com,grogu@author.com,gendalf@author.com,lubov@author.com,kinoman@author.com,dzera@author.com,detective@author.com
email_verified_at,,,,,,,,,,,,,,
password,$2y$10$G5dn0a3GgRgJ8do9PcY1vO6DXp//8COt1y5dDQ8ImecizoTJah9Su,$2y$10$4oy5lB0zzA6AsknZwKFEEuhGinGmoVDYjzxlobtivMrRNEXMmnJT2,$2y$10$XTRvCflPd2ty7PllfNRuEeGLiWTH5WoVEEH9oeDSXC1eR5dJKEKfS,$2y$10$s/pI9aAvqMhw6F1TEXkwp.jASfR/lvT9L/gUf1Jqhz7hkc134Gazm,$2y$10$Bhw5G48noprbtQZZKh61V.4JQo3xjLj2WXI55BwdDHc9vijWQdKUC,$2y$10$zSmGmmt.g1ZWINW37hBj/ecinyKINvYf5Yj2jgnbALPBhJQk/kONu,$2y$10$SrCXE1TsYNKz6/d47MiDSuVHraaN8k5zfzBoIHqIm6DFvjBnxl4uu,$2y$10$uDv55h8kH1s.GHFGOPSj5eSuMfmIMT5fqkSyuB8Bs2nVEHMQkAfSi,$2y$10$Xl.srdr1ghJOcCVBCNUNseqLKf0WuVAdrsp8T4ZndJ6uxjaNKap4i,$2y$10$Ji3Hpi4ZKxziL6pO37NX0.0bTOFvQyQKxvG9wzO21U8ft8md.SED2,$2y$10$mvMfJ4l/GGnxjHDI4hyXreNoeX4erya4jf9zEtkm0dEixHlnef9dS,$2y$10$W6.RKVSNd2hdz6e5w8pXsurn/LeNFhp6gawbeRqgp2.hThyvoFZFq,$2y$10$Wfpt3yKWI1PG4DuihSG.E.TeaTPUbo4fzUbHfm76u1G.xDaFV917m,$2y$10$UHog5C/ENcrR1GnlBW2gpetivSzcrTzzMBgbWhmuCicDil/s3v5QS
remember_token,KShZoPojEDwJQQYdYCsWriA0rut0KBhlzkRNqkId3aPgpTSByiXV1SWUeVLO,DzqCftMET8u8g9idTpeQgS4I7bsq765NyHh4I0bXcO9HGXSPFEoV96rtGWm1,DrOo5gePxbbo8ZiPJZVpYuke6O2liW1SVu8Sp1Ztk33ykWimVJKYfXEqtMtp,wKdM88Pp7e5KNbHX1Luzp1BQ27o5NaS1EVRGqobHh2TdjNTdHXHVzKuj4EKw,rKA57qOBMRS1fnVTsTYHz0Nfrmi7cFlwgodNC9wCsh7zu5jW9H5HLBI3w0jJ,,,,,,,,,
created_at,2023-05-13 14:18:14,2023-05-13 14:18:15,2023-05-13 14:18:15,2023-05-13 14:18:15,2023-05-13 14:18:16,2023-05-13 17:35:41,2023-05-13 17:37:04,2023-05-13 17:38:33,2023-05-13 17:39:48,2023-05-13 17:41:05,2023-05-13 17:42:34,2023-05-13 17:43:50,2023-05-13 17:45:01,2023-05-13 17:46:22
updated_at,2023-05-13 14:18:14,2023-05-13 14:18:15,2023-05-13 14:18:15,2023-05-13 14:18:15,2023-05-13 14:18:16,2023-05-13 17:35:41,2023-05-13 17:37:04,2023-05-13 17:38:33,2023-05-13 17:39:48,2023-05-13 17:41:05,2023-05-13 17:42:34,2023-05-13 17:43:50,2023-05-13 17:45:01,2023-05-13 17:46:22
love_reacter_id,1,2,3,4,5,6,7,8,9,10,11,12,13,14
deleted_at,,,,,,,,,,,,,,
